PLZ,GPLZ,Canton
1000,1000,VD
1004,1000,VD
1007,1000,VD
1002,1000,VD
1006,1000,VD
1015,1000,VD
1010,1000,VD
1018,1000,VD
1003,1000,VD
1012,1000,VD
1014,1000,VD
1001,1000,VD
1005,1000,VD
1011,1000,VD
1001,1001,VD
1008,1008,VD
1009,1009,VD
1019,1019,VD
1020,1020,VD
1022,1022,VD
1023,1023,VD
1024,1024,VD
1025,1025,VD
1026,1026,VD
1027,1027,VD
1028,1028,VD
1029,1029,VD
1030,1030,VD
1031,1031,VD
1032,1032,VD
1033,1033,VD
1034,1034,VD
1035,1035,VD
1036,1036,VD
1037,1037,VD
1038,1038,VD
1039,1039,VD
1040,1040,VD
1041,1041,VD
1042,1042,VD
1043,1043,VD
1044,1044,VD
1045,1045,VD
1046,1046,VD
1047,1047,VD
1052,1052,VD
1053,1053,VD
1054,1054,VD
1055,1055,VD
1058,1058,VD
1059,1059,VD
1061,1061,VD
1062,1062,VD
1063,1063,VD
1066,1066,VD
1068,1068,VD
1070,1070,VD
1071,1071,VD
1072,1072,VD
1073,1073,VD
1076,1076,VD
1077,1077,VD
1078,1078,VD
1080,1080,VD
1081,1081,VD
1082,1082,VD
1083,1083,VD
1084,1084,VD
1085,1085,VD
1088,1088,VD
1090,1090,VD
1091,1091,VD
1092,1092,VD
1093,1093,VD
1094,1094,VD
1095,1095,VD
1096,1096,VD
1097,1097,VD
1098,1098,VD
1110,1110,VD
1112,1112,VD
1113,1113,VD
1114,1114,VD
1115,1115,VD
1116,1116,VD
1117,1117,VD
1121,1121,VD
1122,1122,VD
1123,1123,VD
1124,1124,VD
1125,1125,VD
1126,1126,VD
1127,1127,VD
1128,1128,VD
1131,1131,VD
1132,1132,VD
1134,1134,VD
1135,1135,VD
1136,1136,VD
1141,1141,VD
1142,1142,VD
1143,1143,VD
1144,1144,VD
1145,1145,VD
1146,1146,VD
1147,1147,VD
1148,1148,VD
1149,1149,VD
1162,1162,VD
1163,1163,VD
1164,1164,VD
1165,1165,VD
1166,1166,VD
1167,1167,VD
1168,1168,VD
1169,1169,VD
1170,1170,VD
1172,1172,VD
1173,1173,VD
1174,1174,VD
1175,1175,VD
1176,1176,VD
1180,1180,VD
1182,1182,VD
1183,1183,VD
1184,1184,VD
1185,1185,VD
1186,1186,VD
1187,1187,VD
1188,1188,VD
1189,1189,VD
1195,1195,VD
1196,1196,VD
1197,1197,VD
1200,1200,GE
1204,1200,GE
1211,1200,GE
1209,1200,GE
1207,1200,GE
1205,1200,GE
1202,1200,GE
1206,1200,GE
1201,1200,GE
1203,1200,GE
1208,1200,GE
1211,1211,GE
1212,1212,GE
1213,1213,GE
1214,1214,GE
1215,1215,GE
1216,1216,GE
1215,1217,GE
1217,1217,GE
1218,1218,GE
1219,1219,GE
1220,1220,GE
1222,1222,GE
1223,1223,GE
1224,1224,GE
1225,1225,GE
1226,1226,GE
1227,1227,GE
1228,1228,GE
1231,1231,GE
1232,1232,GE
1233,1233,GE
1234,1234,GE
1236,1236,GE
1237,1237,GE
1239,1239,GE
1240,1240,GE
1241,1241,GE
1242,1242,GE
1243,1243,GE
1244,1244,GE
1245,1245,GE
1246,1246,GE
1247,1247,GE
1248,1248,GE
1251,1251,GE
1252,1252,GE
1253,1253,GE
1254,1254,GE
1255,1255,GE
1256,1256,GE
1257,1257,GE
1258,1258,GE
1260,1260,VD
1261,1261,VD
1262,1262,VD
1263,1263,VD
1264,1264,VD
1265,1265,VD
1266,1266,VD
1267,1267,VD
1268,1268,VD
1269,1269,VD
1270,1270,VD
1271,1271,VD
1272,1272,VD
1273,1273,VD
1274,1274,VD
1275,1275,VD
1276,1276,VD
1277,1277,VD
1278,1278,VD
1279,1279,VD
1281,1281,GE
1283,1283,GE
1284,1284,GE
1285,1285,GE
1286,1286,GE
1287,1287,GE
1288,1288,GE
1290,1290,VD
1290,1290,GE
1291,1291,VD
1292,1292,GE
1293,1293,GE
1294,1294,GE
1295,1295,VD
1296,1296,VD
1297,1297,VD
1298,1298,GE
1299,1299,VD
1300,1300,VD
1302,1302,VD
1303,1303,VD
1304,1304,VD
1305,1305,VD
1306,1306,VD
1307,1307,VD
1308,1308,VD
1310,1310,VD
1311,1311,VD
1312,1312,VD
1313,1313,VD
1315,1315,VD
1316,1316,VD
1317,1317,VD
1318,1318,VD
1320,1320,VD
1321,1321,VD
1322,1322,VD
1323,1323,VD
1324,1324,VD
1325,1325,VD
1326,1326,VD
1329,1329,VD
1330,1330,VD
1337,1337,VD
1338,1338,VD
1341,1341,VD
1342,1342,VD
1343,1343,VD
1344,1344,VD
1345,1345,VD
1346,1346,VD
1347,1347,VD
1348,1348,VD
1350,1350,VD
1352,1352,VD
1353,1353,VD
1354,1354,VD
1355,1355,VD
1356,1356,VD
1357,1357,VD
1358,1358,VD
1372,1372,VD
1373,1373,VD
1374,1374,VD
1375,1375,VD
1376,1376,VD
1377,1377,VD
1400,1400,VD
1401,1400,VD
1401,1401,VD
1404,1404,VD
1405,1405,VD
1406,1406,VD
1407,1407,VD
1408,1408,VD
1409,1409,VD
1410,1410,VD
1410,1410,FR
1412,1412,VD
1413,1413,VD
1415,1415,VD
1416,1416,VD
1417,1417,VD
1418,1418,VD
1420,1420,VD
1421,1421,VD
1422,1422,VD
1423,1423,VD
1424,1424,VD
1425,1425,VD
1426,1426,VD
1427,1427,VD
1428,1428,VD
1429,1429,VD
1430,1430,VD
1431,1431,VD
1432,1432,VD
1433,1433,VD
1434,1434,VD
1435,1435,VD
1436,1436,VD
1437,1437,VD
1438,1438,VD
1439,1439,VD
1440,1440,VD
1441,1441,VD
1442,1442,VD
1443,1443,VD
1445,1445,VD
1446,1446,VD
1450,1450,VD
1452,1452,VD
1453,1453,VD
1454,1454,VD
1462,1462,VD
1463,1463,VD
1464,1464,VD
1468,1468,FR
1470,1470,FR
1473,1473,FR
1474,1474,FR
1475,1475,FR
1482,1482,FR
1483,1483,FR
1484,1484,FR
1485,1485,FR
1486,1486,FR
1489,1489,FR
1509,1509,VD
1510,1510,VD
1512,1512,VD
1513,1513,VD
1514,1514,VD
1515,1515,VD
1521,1521,VD
1522,1522,VD
1523,1523,VD
1524,1524,VD
1525,1525,VD
1526,1526,VD
1527,1527,FR
1528,1528,FR
1529,1529,FR
1530,1530,VD
1532,1532,FR
1533,1533,FR
1534,1534,FR
1534,1534,VD
1535,1535,VD
1536,1536,VD
1537,1537,VD
1538,1538,VD
1541,1541,FR
1542,1542,FR
1543,1543,VD
1544,1544,FR
1545,1545,VD
1551,1551,VD
1552,1552,VD
1553,1553,FR
1554,1554,VD
1555,1555,VD
1562,1562,VD
1563,1563,FR
1564,1564,FR
1565,1565,VD
1565,1565,FR
1566,1566,FR
1567,1567,FR
1568,1568,FR
1580,1580,VD
1583,1583,FR
1584,1584,VD
1585,1585,VD
1586,1586,VD
1587,1587,VD
1588,1588,VD
1589,1589,VD
1595,1595,VD
1595,1595,FR
1607,1607,VD
1608,1608,VD
1608,1608,FR
1609,1609,FR
1610,1610,VD
1611,1611,FR
1612,1612,VD
1613,1613,VD
1614,1614,FR
1615,1615,FR
1616,1616,FR
1617,1617,FR
1618,1618,FR
1619,1619,FR
1623,1623,FR
1624,1624,FR
1625,1625,FR
1626,1626,FR
1627,1627,FR
1628,1628,FR
1630,1630,FR
1631,1631,FR
1632,1632,FR
1633,1633,FR
1634,1634,FR
1635,1635,FR
1636,1636,FR
1637,1637,FR
1638,1638,FR
1642,1642,FR
1643,1643,FR
1644,1644,FR
1645,1645,FR
1646,1646,FR
1647,1647,FR
1648,1648,FR
1649,1649,FR
1651,1651,FR
1652,1652,FR
1653,1653,FR
1654,1654,FR
1656,1656,FR
1657,1657,BE
1658,1658,VD
1659,1659,VD
1660,1660,VD
1661,1661,FR
1663,1663,FR
1665,1665,FR
1666,1666,FR
1667,1667,FR
1669,1669,FR
1670,1670,FR
1673,1673,FR
1674,1674,FR
1675,1675,FR
1676,1676,FR
1677,1677,FR
1678,1678,FR
1679,1679,FR
1680,1680,FR
1681,1681,FR
1682,1682,VD
1683,1683,VD
1684,1684,FR
1685,1685,FR
1686,1686,FR
1687,1687,FR
1688,1688,FR
1689,1689,FR
1690,1690,FR
1691,1691,FR
1692,1692,FR
1694,1694,FR
1695,1695,FR
1696,1696,FR
1697,1697,FR
1699,1699,FR
1700,1700,FR
1707,1700,FR
1708,1700,FR
1704,1700,FR
1709,1700,FR
1701,1700,FR
1702,1700,FR
1712,1712,FR
1713,1713,FR
1714,1714,FR
1715,1715,FR
1716,1716,FR
1717,1717,FR
1718,1718,FR
1719,1719,FR
1720,1720,FR
1721,1721,FR
1722,1722,FR
1723,1723,FR
1724,1724,FR
1725,1725,FR
1726,1726,FR
1727,1727,FR
1728,1728,FR
1730,1730,FR
1731,1731,FR
1732,1732,FR
1733,1733,FR
1734,1734,FR
1735,1735,FR
1736,1736,FR
1737,1737,FR
1738,1738,BE
1740,1740,FR
1741,1741,FR
1742,1742,FR
1744,1744,FR
1745,1745,FR
1746,1746,FR
1747,1747,FR
1748,1748,FR
1749,1749,FR
1752,1752,FR
1753,1753,FR
1754,1754,FR
1756,1756,FR
1757,1757,FR
1762,1762,FR
1763,1763,FR
1772,1772,FR
1773,1773,FR
1774,1774,FR
1775,1775,FR
1776,1776,FR
1782,1782,FR
1783,1783,FR
1784,1784,FR
1785,1785,FR
1786,1786,FR
1787,1787,FR
1787,1787,VD
1788,1788,FR
1789,1789,FR
1791,1791,FR
1792,1792,FR
1793,1793,FR
1794,1794,FR
1795,1795,FR
1796,1796,FR
1797,1797,BE
1800,1800,VD
1801,1801,VD
1802,1802,VD
1803,1803,VD
1804,1804,VD
1805,1805,VD
1806,1806,VD
1807,1807,VD
1808,1808,VD
1809,1809,VD
1811,1811,VD
1814,1814,VD
1815,1815,VD
1816,1816,VD
1817,1817,VD
1818,1818,VD
1820,1820,VD
1822,1822,VD
1823,1823,VD
1824,1824,VD
1832,1832,VD
1833,1833,VD
1844,1844,VD
1845,1845,VD
1846,1846,VD
1847,1847,VD
1852,1852,VD
1853,1853,VD
1854,1854,VD
1856,1856,VD
1860,1860,VD
1862,1862,VD
1863,1863,VD
1864,1864,VD
1865,1865,VD
1866,1866,VD
1867,1867,VD
1868,1868,VS
1869,1869,VS
1870,1870,VS
1871,1871,VS
1872,1872,VS
1873,1873,VS
1874,1874,VS
1875,1875,VS
1880,1880,VD
1882,1882,VD
1884,1884,VD
1885,1885,VD
1890,1890,VS
1891,1891,VS
1892,1892,VD
1893,1893,VS
1895,1895,VS
1896,1896,VS
1897,1897,VS
1898,1898,VS
1899,1899,VS
1902,1902,VS
1903,1903,VS
1904,1904,VS
1905,1905,VS
1906,1906,VS
1907,1907,VS
1908,1908,VS
1911,1911,VS
1912,1912,VS
1913,1913,VS
1914,1914,VS
1918,1918,VS
1919,1919,VS
1920,1920,VS
1921,1921,VS
1922,1922,VS
1923,1923,VS
1925,1925,VS
1926,1926,VS
1927,1927,VS
1928,1928,VS
1929,1929,VS
1930,1930,VS
1932,1932,VS
1933,1933,VS
1934,1934,VS
1936,1936,VS
1937,1937,VS
1938,1938,VS
1940,1940,VS
1941,1941,VS
1942,1942,VS
1943,1943,VS
1944,1944,VS
1945,1945,VS
1946,1946,VS
1947,1947,VS
1948,1948,VS
1950,1950,VS
1951,1950,VS
1951,1951,VS
1953,1953,VS
1955,1955,VS
1957,1957,VS
1958,1958,VS
1960,1960,VS
1961,1961,VS
1962,1962,VS
1963,1963,VS
1964,1964,VS
1965,1965,VS
1966,1966,VS
1967,1967,VS
1968,1968,VS
1969,1969,VS
1971,1971,VS
1972,1972,VS
1973,1973,VS
1974,1974,VS
1975,1975,VS
1976,1976,VS
1977,1977,VS
1978,1978,VS
1981,1981,VS
1982,1982,VS
1983,1983,VS
1984,1984,VS
1985,1985,VS
1986,1986,VS
1987,1987,VS
1988,1988,VS
1991,1991,VS
1992,1992,VS
1993,1993,VS
1994,1994,VS
1996,1996,VS
1997,1997,VS
2007,2000,NE
2000,2000,NE
2006,2000,NE
2001,2000,NE
2009,2000,NE
2004,2000,NE
2002,2000,NE
2003,2000,NE
2001,2001,NE
2010,2010,NE
2012,2012,NE
2013,2013,NE
2014,2014,NE
2015,2015,NE
2016,2016,NE
2017,2017,NE
2019,2019,NE
2022,2022,NE
2023,2023,NE
2024,2024,NE
2025,2025,NE
2027,2027,NE
2028,2028,NE
2034,2034,NE
2035,2035,NE
2036,2036,NE
2037,2037,NE
2042,2042,NE
2043,2043,NE
2046,2046,NE
2052,2052,NE
2053,2053,NE
2054,2054,NE
2056,2056,NE
2057,2057,NE
2058,2058,NE
2063,2063,NE
2065,2065,NE
2067,2067,NE
2068,2068,NE
2072,2072,NE
2073,2073,NE
2074,2074,NE
2075,2075,NE
2087,2087,NE
2088,2088,NE
2103,2103,NE
2105,2105,NE
2108,2108,NE
2112,2112,NE
2113,2113,NE
2114,2114,NE
2115,2115,NE
2116,2116,NE
2117,2117,NE
2123,2123,NE
2124,2124,NE
2126,2126,NE
2127,2127,NE
2149,2149,NE
2206,2206,NE
2207,2207,NE
2208,2208,NE
2300,2300,NE
2302,2300,NE
2301,2300,NE
2304,2300,NE
2303,2300,NE
2301,2301,NE
2305,2305,NE
2314,2314,NE
2316,2316,NE
2318,2318,NE
2322,2322,NE
2325,2325,NE
2333,2333,BE
2336,2336,JU
2338,2338,JU
2340,2340,JU
2345,2345,JU
2350,2350,JU
2353,2353,JU
2354,2354,JU
2360,2360,JU
2362,2362,JU
2363,2363,JU
2364,2364,JU
2400,2400,NE
2405,2405,NE
2406,2406,NE
2414,2414,NE
2416,2416,NE
2505,2500,BE
2500,2500,BE
2501,2500,BE
2503,2500,BE
2502,2500,BE
2504,2500,BE
2510,2510,BE
2512,2512,BE
2513,2513,BE
2514,2514,BE
2515,2515,BE
2516,2516,BE
2517,2517,BE
2518,2518,BE
2520,2520,BE
2523,2523,NE
2525,2525,NE
2532,2532,BE
2533,2533,BE
2534,2534,BE
2535,2535,BE
2536,2536,BE
2537,2537,BE
2538,2538,BE
2540,2540,SO
2542,2542,BE
2543,2543,BE
2544,2544,SO
2545,2545,SO
2552,2552,BE
2553,2553,BE
2554,2554,BE
2555,2555,BE
2556,2556,BE
2557,2557,BE
2558,2558,BE
2560,2560,BE
2562,2562,BE
2563,2563,BE
2564,2564,BE
2565,2565,BE
2572,2572,BE
2575,2575,BE
2576,2576,BE
2577,2577,BE
2603,2603,BE
2604,2604,BE
2605,2605,BE
2606,2606,BE
2607,2607,BE
2608,2608,BE
2610,2610,BE
2612,2612,BE
2613,2613,BE
2615,2615,BE
2616,2616,BE
2710,2710,BE
2712,2712,BE
2713,2713,BE
2714,2714,JU
2715,2715,BE
2716,2716,BE
2717,2717,BE
2718,2718,JU
2720,2720,BE
2722,2722,BE
2723,2723,BE
2732,2732,BE
2733,2733,BE
2735,2735,BE
2736,2736,BE
2738,2738,BE
2740,2740,BE
2742,2742,BE
2743,2743,BE
2744,2744,BE
2745,2745,BE
2746,2746,BE
2747,2747,BE
2748,2748,BE
2762,2762,BE
2800,2800,JU
2802,2802,JU
2803,2803,JU
2805,2805,JU
2806,2806,JU
2807,2807,JU
2812,2812,JU
2813,2813,JU
2814,2814,BL
2822,2822,JU
2823,2823,JU
2824,2824,JU
2825,2825,JU
2826,2826,JU
2827,2827,BE
2827,2827,JU
2828,2828,JU
2829,2829,JU
2830,2830,JU
2832,2832,JU
2842,2842,JU
2843,2843,JU
2852,2852,JU
2853,2853,JU
2854,2854,JU
2855,2855,JU
2856,2856,JU
2857,2857,JU
2863,2863,JU
2864,2864,JU
2873,2873,JU
2882,2882,JU
2883,2883,JU
2884,2884,JU
2885,2885,JU
2886,2886,JU
2887,2887,JU
2888,2888,JU
2889,2889,JU
2900,2900,JU
2902,2902,JU
2903,2903,JU
2904,2904,JU
2905,2905,JU
2906,2906,JU
2907,2907,JU
2908,2908,JU
2912,2912,JU
2914,2914,JU
2915,2915,JU
2916,2916,JU
2922,2922,JU
2923,2923,JU
2924,2924,JU
2925,2925,JU
2926,2926,JU
2932,2932,JU
2933,2933,JU
2935,2935,JU
2942,2942,JU
2943,2943,JU
2944,2944,JU
2946,2946,JU
2947,2947,JU
2950,2950,JU
2952,2952,JU
2953,2953,JU
2954,2954,JU
3000,3000,BE
3001,3000,BE
3005,3000,BE
3030,3000,BE
3014,3000,BE
3002,3000,BE
3011,3000,BE
3007,3000,BE
3010,3000,BE
3018,3000,BE
3024,3000,BE
3004,3000,BE
3012,3000,BE
3006,3000,BE
3013,3000,BE
3019,3000,BE
3003,3000,BE
3008,3000,BE
3020,3000,BE
3015,3000,BE
3027,3000,BE
3001,3001,BE
3015,3015,BE
3017,3017,BE
3018,3018,BE
3029,3029,BE
3030,3030,BE
3032,3032,BE
3033,3033,BE
3034,3034,BE
3035,3035,BE
3036,3036,BE
3037,3037,BE
3038,3038,BE
3039,3039,BE
3040,3040,BE
3041,3041,BE
3042,3042,BE
3043,3043,BE
3044,3044,BE
3045,3045,BE
3046,3046,BE
3047,3047,BE
3048,3048,BE
3049,3049,BE
3050,3050,BE
3052,3052,BE
3053,3053,BE
3054,3054,BE
3063,3063,BE
3065,3065,BE
3066,3066,BE
3067,3067,BE
3068,3068,BE
3071,3071,BE
3072,3072,BE
3073,3073,BE
3074,3074,BE
3075,3075,BE
3076,3076,BE
3077,3077,BE
3078,3078,BE
3080,3080,BE
3082,3082,BE
3083,3083,BE
3084,3084,BE
3085,3085,BE
3086,3086,BE
3087,3087,BE
3088,3088,BE
3089,3089,BE
3090,3090,BE
3095,3095,BE
3096,3096,BE
3097,3097,BE
3098,3098,BE
3099,3099,BE
3110,3110,BE
3111,3111,BE
3112,3112,BE
3113,3113,BE
3114,3114,BE
3115,3115,BE
3116,3116,BE
3122,3122,BE
3123,3123,BE
3124,3124,BE
3125,3125,BE
3126,3126,BE
3127,3127,BE
3128,3128,BE
3132,3132,BE
3144,3144,BE
3145,3145,BE
3147,3147,BE
3148,3148,BE
3150,3150,BE
3152,3152,BE
3153,3153,BE
3154,3154,BE
3155,3155,BE
3156,3156,BE
3157,3157,BE
3158,3158,BE
3159,3159,BE
3172,3172,BE
3173,3173,BE
3174,3174,BE
3175,3175,FR
3176,3176,BE
3177,3177,BE
3178,3178,FR
3179,3179,BE
3182,3182,FR
3183,3183,BE
3184,3184,FR
3185,3185,FR
3186,3186,FR
3202,3202,BE
3203,3203,BE
3204,3204,BE
3205,3205,BE
3206,3206,FR
3206,3206,BE
3207,3207,BE
3208,3208,BE
3210,3210,FR
3212,3212,FR
3213,3213,FR
3214,3214,FR
3215,3215,FR
3216,3216,FR
3225,3225,BE
3226,3226,BE
3232,3232,BE
3233,3233,BE
3234,3234,BE
3235,3235,BE
3236,3236,BE
3237,3237,BE
3238,3238,BE
3250,3250,BE
3251,3251,BE
3252,3252,BE
3253,3253,SO
3254,3254,SO
3255,3255,BE
3256,3256,BE
3257,3257,BE
3262,3262,BE
3263,3263,BE
3264,3264,BE
3266,3266,BE
3267,3267,BE
3268,3268,BE
3270,3270,BE
3271,3271,BE
3272,3272,BE
3273,3273,BE
3274,3274,BE
3280,3280,FR
3282,3282,BE
3283,3283,BE
3284,3284,FR
3285,3285,FR
3286,3286,FR
3292,3292,BE
3293,3293,BE
3294,3294,BE
3295,3295,BE
3296,3296,BE
3297,3297,BE
3298,3298,BE
3302,3302,BE
3303,3303,BE
3305,3305,BE
3306,3306,BE
3307,3307,SO
3308,3308,BE
3309,3309,BE
3312,3312,BE
3313,3313,BE
3314,3314,BE
3315,3315,BE
3317,3317,BE
3321,3321,BE
3322,3322,BE
3323,3323,BE
3324,3324,BE
3325,3325,BE
3326,3326,BE
3360,3360,BE
3362,3362,BE
3363,3363,BE
3365,3365,BE
3366,3366,BE
3367,3367,BE
3368,3368,BE
3372,3372,BE
3373,3373,BE
3374,3374,BE
3375,3375,BE
3376,3376,BE
3377,3377,BE
3380,3380,BE
3400,3400,BE
3402,3400,BE
3401,3400,BE
3412,3412,BE
3413,3413,BE
3414,3414,BE
3415,3415,BE
3416,3416,BE
3417,3417,BE
3418,3418,BE
3419,3419,BE
3421,3421,BE
3422,3422,BE
3423,3423,BE
3424,3424,BE
3425,3425,BE
3426,3426,BE
3427,3427,BE
3428,3428,BE
3429,3429,BE
3432,3432,BE
3433,3433,BE
3434,3434,BE
3435,3435,BE
3436,3436,BE
3437,3437,BE
3438,3438,BE
3439,3439,BE
3452,3452,BE
3453,3453,BE
3454,3454,BE
3455,3455,BE
3456,3456,BE
3457,3457,BE
3462,3462,BE
3463,3463,BE
3464,3464,BE
3465,3465,BE
3472,3472,BE
3473,3473,BE
3474,3474,BE
3475,3475,BE
3476,3476,BE
3503,3503,BE
3504,3504,BE
3506,3506,BE
3507,3507,BE
3508,3508,BE
3510,3510,BE
3512,3512,BE
3513,3513,BE
3531,3531,BE
3532,3532,BE
3533,3533,BE
3534,3534,BE
3535,3535,BE
3536,3536,BE
3537,3537,BE
3538,3538,BE
3543,3543,BE
3550,3550,BE
3551,3551,BE
3552,3552,BE
3553,3553,BE
3555,3555,BE
3556,3556,BE
3557,3557,BE
3603,3600,BE
3600,3600,BE
3608,3600,BE
3602,3600,BE
3601,3600,BE
3605,3600,BE
3609,3600,BE
3604,3600,BE
3607,3600,BE
3612,3612,BE
3613,3613,BE
3614,3614,BE
3615,3615,BE
3616,3616,BE
3617,3617,BE
3618,3618,BE
3619,3619,BE
3622,3622,BE
3623,3623,BE
3624,3624,BE
3625,3625,BE
3626,3626,BE
3627,3627,BE
3628,3628,BE
3629,3629,BE
3631,3631,BE
3632,3632,BE
3633,3633,BE
3634,3634,BE
3635,3635,BE
3636,3636,BE
3638,3638,BE
3645,3645,BE
3646,3646,BE
3647,3647,BE
3652,3652,BE
3653,3653,BE
3654,3654,BE
3655,3655,BE
3656,3656,BE
3657,3657,BE
3658,3658,BE
3661,3661,BE
3662,3662,BE
3663,3663,BE
3664,3664,BE
3665,3665,BE
3671,3671,BE
3672,3672,BE
3673,3673,BE
3674,3674,BE
3700,3700,BE
3702,3702,BE
3703,3703,BE
3704,3704,BE
3705,3705,BE
3706,3706,BE
3707,3707,BE
3711,3711,BE
3713,3713,BE
3714,3714,BE
3715,3715,BE
3716,3716,BE
3717,3717,BE
3718,3718,BE
3722,3722,BE
3723,3723,BE
3724,3724,BE
3725,3725,BE
3752,3752,BE
3753,3753,BE
3754,3754,BE
3755,3755,BE
3756,3756,BE
3757,3757,BE
3758,3758,BE
3762,3762,BE
3763,3763,BE
3764,3764,BE
3765,3765,BE
3766,3766,BE
3770,3770,BE
3771,3771,BE
3772,3772,BE
3773,3773,BE
3775,3775,BE
3776,3776,BE
3777,3777,BE
3778,3778,BE
3780,3780,BE
3781,3781,BE
3782,3782,BE
3783,3783,BE
3784,3784,BE
3785,3785,BE
3792,3792,BE
3800,3800,BE
3801,3801,VS
3802,3802,BE
3803,3803,BE
3804,3804,BE
3805,3805,BE
3806,3806,BE
3807,3807,BE
3812,3812,BE
3813,3813,BE
3814,3814,BE
3815,3815,BE
3816,3816,BE
3818,3818,BE
3822,3822,BE
3823,3823,BE
3824,3824,BE
3825,3825,BE
3826,3826,BE
3852,3852,BE
3853,3853,BE
3854,3854,BE
3855,3855,BE
3856,3856,BE
3857,3857,BE
3858,3858,BE
3860,3860,BE
3862,3862,BE
3863,3863,BE
3864,3864,BE
3900,3900,VS
3901,3901,VS
3902,3902,VS
3903,3903,VS
3904,3904,VS
3905,3905,VS
3906,3906,VS
3907,3907,VS
3908,3908,VS
3910,3910,VS
3911,3911,VS
3912,3912,VS
3913,3913,VS
3914,3914,VS
3916,3916,VS
3917,3917,VS
3918,3918,VS
3919,3919,VS
3920,3920,VS
3922,3922,VS
3923,3923,VS
3924,3924,VS
3925,3925,VS
3926,3926,VS
3927,3927,VS
3928,3928,VS
3929,3929,VS
3930,3930,VS
3931,3931,VS
3932,3932,VS
3933,3933,VS
3934,3934,VS
3935,3935,VS
3937,3937,VS
3938,3938,VS
3939,3939,VS
3940,3940,VS
3942,3942,VS
3943,3943,VS
3944,3944,VS
3945,3945,VS
3946,3946,VS
3947,3947,VS
3948,3948,VS
3949,3949,VS
3951,3951,VS
3952,3952,VS
3953,3953,VS
3954,3954,VS
3955,3955,VS
3956,3956,VS
3957,3957,VS
3960,3960,VS
3961,3961,VS
3963,3963,VS
3965,3965,VS
3966,3966,VS
3967,3967,VS
3968,3968,VS
3970,3970,VS
3971,3971,VS
3972,3972,VS
3973,3973,VS
3974,3974,VS
3975,3975,VS
3976,3976,VS
3977,3977,VS
3978,3978,VS
3979,3979,VS
3982,3982,VS
3983,3983,VS
3984,3984,VS
3985,3985,VS
3986,3986,VS
3987,3987,VS
3988,3988,VS
3989,3989,VS
3991,3991,VS
3992,3992,VS
3993,3993,VS
3994,3994,VS
3995,3995,VS
3996,3996,VS
3997,3997,VS
3998,3998,VS
3999,3999,VS
4031,4000,BS
4052,4000,BS
4053,4000,BS
4000,4000,BS
4015,4000,BS
4059,4000,BS
4018,4000,BS
4024,4000,BS
4025,4000,BS
4057,4000,BS
4010,4000,BS
4030,4000,BS
4041,4000,BS
4005,4000,BS
4009,4000,BS
4032,4000,BS
4012,4000,BS
4091,4000,BS
4001,4000,BS
4004,4000,BS
4007,4000,BS
4017,4000,BS
4055,4000,BS
4058,4000,BS
4070,4000,BS
4039,4000,BS
4040,4000,BL
4042,4000,BL
4075,4000,BS
4011,4000,BS
4003,4000,BS
4019,4000,BS
4056,4000,BS
4002,4000,BS
4016,4000,BS
4020,4000,BS
4051,4000,BS
4013,4000,BS
4054,4000,BS
4089,4000,BS
4001,4001,BS
4002,4002,BS
4009,4009,BS
4014,4014,BS
4021,4021,BS
4028,4028,BS
4033,4033,BS
4034,4034,BS
4035,4035,BS
4036,4036,BS
4057,4057,BS
4089,4089,BS
4101,4101,BL
4102,4102,BL
4103,4103,BL
4104,4104,BL
4105,4105,BL
4106,4106,BL
4107,4107,BL
4108,4108,SO
4112,4112,SO
4114,4114,SO
4115,4115,SO
4116,4116,SO
4117,4117,BL
4118,4118,SO
4123,4123,BL
4124,4124,BL
4125,4125,BS
4126,4126,BS
4127,4127,BL
4130,4130,BL
4132,4132,BL
4133,4133,BL
4134,4134,BL
4140,4140,BL
4142,4142,BL
4143,4143,SO
4144,4144,BL
4145,4145,SO
4146,4146,SO
4147,4147,BL
4148,4148,BL
4153,4153,BL
4202,4202,BL
4203,4203,BL
4204,4204,SO
4206,4206,SO
4207,4207,BL
4208,4208,SO
4222,4222,BL
4223,4223,BL
4224,4224,BL
4225,4225,BL
4226,4226,SO
4227,4227,SO
4228,4228,SO
4229,4229,SO
4232,4232,SO
4233,4233,SO
4234,4234,SO
4242,4242,BL
4243,4243,BL
4244,4244,BL
4245,4245,SO
4246,4246,BL
4247,4247,SO
4252,4252,SO
4253,4253,BL
4254,4254,BL
4302,4302,BL
4303,4303,AG
4304,4304,BL
4305,4305,AG
4310,4310,AG
4312,4312,AG
4313,4313,AG
4314,4314,AG
4315,4315,AG
4316,4316,AG
4317,4317,AG
4322,4322,AG
4323,4323,AG
4324,4324,AG
4325,4325,AG
4332,4332,AG
4333,4333,AG
4334,4334,AG
4402,4402,BL
4410,4410,BL
4411,4411,BL
4412,4412,SO
4413,4413,SO
4414,4414,BL
4415,4415,BL
4416,4416,BL
4417,4417,BL
4418,4418,BL
4419,4419,BL
4421,4421,SO
4422,4422,BL
4423,4423,BL
4424,4424,BL
4425,4425,BL
4426,4426,BL
4431,4431,BL
4432,4432,BL
4433,4433,BL
4434,4434,BL
4435,4435,BL
4436,4436,BL
4437,4437,BL
4438,4438,BL
4441,4441,BL
4442,4442,BL
4443,4443,BL
4444,4444,BL
4445,4445,BL
4446,4446,BL
4447,4447,BL
4448,4448,BL
4450,4450,BL
4451,4451,BL
4452,4452,BL
4453,4453,BL
4455,4455,BL
4456,4456,BL
4457,4457,BL
4458,4458,BL
4460,4460,BL
4461,4461,BL
4462,4462,BL
4463,4463,BL
4464,4464,BL
4465,4465,BL
4466,4466,BL
4467,4467,BL
4468,4468,SO
4469,4469,BL
4492,4492,BL
4493,4493,BL
4494,4494,BL
4495,4495,BL
4496,4496,BL
4497,4497,BL
4500,4500,SO
4503,4500,SO
4502,4500,SO
4509,4500,SO
4501,4501,SO
4503,4503,SO
4512,4512,SO
4513,4513,SO
4514,4514,SO
4515,4515,SO
4522,4522,SO
4523,4523,SO
4524,4524,SO
4525,4525,SO
4528,4528,SO
4532,4532,SO
4533,4533,SO
4534,4534,SO
4535,4535,SO
4536,4536,BE
4537,4537,BE
4538,4538,BE
4539,4539,BE
4542,4542,SO
4543,4543,SO
4552,4552,SO
4553,4553,SO
4554,4554,SO
4556,4556,SO
4557,4557,SO
4558,4558,SO
4562,4562,SO
4563,4563,SO
4564,4564,SO
4564,4564,BE
4565,4565,SO
4566,4566,SO
4571,4571,SO
4573,4573,SO
4574,4574,SO
4576,4576,SO
4577,4577,SO
4578,4578,SO
4579,4579,SO
4581,4581,SO
4582,4582,SO
4583,4583,SO
4584,4584,SO
4585,4585,SO
4586,4586,SO
4587,4587,SO
4588,4588,SO
4600,4600,SO
4601,4600,SO
4604,4600,SO
4605,4605,SO
4609,4609,SO
4611,4611,SO
4612,4612,SO
4613,4613,SO
4614,4614,SO
4615,4615,SO
4616,4616,SO
4617,4617,SO
4618,4618,SO
4620,4620,SO
4621,4621,SO
4622,4622,SO
4623,4623,SO
4624,4624,SO
4625,4625,SO
4626,4626,SO
4628,4628,SO
4629,4629,SO
4630,4630,SO
4632,4632,SO
4633,4633,SO
4634,4634,SO
4640,4640,SO
4652,4652,SO
4653,4653,SO
4654,4654,SO
4655,4655,SO
4656,4656,SO
4657,4657,SO
4658,4658,SO
4663,4663,AG
4665,4665,AG
4702,4702,SO
4703,4703,SO
4704,4704,BE
4710,4710,SO
4712,4712,SO
4713,4713,SO
4714,4714,SO
4715,4715,SO
4716,4716,SO
4717,4717,SO
4718,4718,SO
4719,4719,SO
4800,4800,AG
4809,4800,AG
4801,4801,AG
4802,4802,AG
4803,4803,AG
4805,4805,AG
4806,4806,LU
4807,4807,AG
4808,4808,AG
4809,4809,AG
4810,4810,AG
4812,4812,AG
4813,4813,AG
4814,4814,AG
4852,4852,AG
4853,4853,AG
4856,4856,AG
4901,4900,BE
4900,4900,BE
4911,4911,BE
4912,4912,BE
4913,4913,BE
4914,4914,BE
4915,4915,LU
4916,4916,BE
4917,4917,BE
4919,4919,BE
4922,4922,BE
4923,4923,BE
4924,4924,BE
4932,4932,BE
4933,4933,BE
4934,4934,BE
4935,4935,BE
4936,4936,BE
4937,4937,BE
4938,4938,BE
4942,4942,BE
4943,4943,BE
4944,4944,BE
4950,4950,BE
4952,4952,BE
4953,4953,BE
4954,4954,BE
4955,4955,BE
5000,5000,AG
5004,5000,AG
5001,5000,AG
5032,5000,AG
5001,5001,AG
5004,5004,AG
5012,5012,SO
5013,5013,SO
5014,5014,SO
5015,5015,SO
5017,5017,AG
5018,5018,AG
5022,5022,AG
5023,5023,AG
5024,5024,AG
5025,5025,AG
5026,5026,AG
5027,5027,AG
5028,5028,AG
5030,5030,AG
5033,5033,AG
5034,5034,AG
5035,5035,AG
5036,5036,AG
5037,5037,AG
5040,5040,AG
5042,5042,AG
5043,5043,AG
5044,5044,AG
5046,5046,AG
5050,5050,AG
5053,5053,AG
5054,5054,AG
5056,5056,AG
5057,5057,AG
5058,5058,AG
5060,5060,AG
5062,5062,AG
5063,5063,AG
5064,5064,AG
5070,5070,AG
5072,5072,AG
5073,5073,AG
5074,5074,AG
5075,5075,AG
5076,5076,AG
5077,5077,AG
5078,5078,AG
5079,5079,AG
5080,5080,AG
5082,5082,AG
5083,5083,AG
5084,5084,AG
5085,5085,AG
5102,5102,AG
5103,5103,AG
5105,5105,AG
5106,5106,AG
5107,5107,AG
5108,5108,AG
5112,5112,AG
5113,5113,AG
5116,5116,AG
5201,5200,AG
5200,5200,AG
5210,5210,AG
5212,5212,AG
5213,5213,AG
5222,5222,AG
5223,5223,AG
5225,5225,AG
5232,5232,AG
5233,5233,AG
5234,5234,AG
5235,5235,AG
5236,5236,AG
5237,5237,AG
5242,5242,AG
5243,5243,AG
5244,5244,AG
5245,5245,AG
5246,5246,AG
5272,5272,AG
5273,5273,AG
5274,5274,AG
5275,5275,AG
5276,5276,AG
5277,5277,AG
5300,5300,AG
5301,5301,AG
5303,5303,AG
5304,5304,AG
5305,5305,AG
5306,5306,AG
5312,5312,AG
5313,5313,AG
5314,5314,AG
5315,5315,AG
5316,5316,AG
5317,5317,AG
5318,5318,AG
5322,5322,AG
5323,5323,AG
5324,5324,AG
5325,5325,AG
5326,5326,AG
5330,5330,AG
5332,5332,AG
5333,5333,AG
5334,5334,AG
5408,5400,AG
5402,5400,AG
5404,5400,AG
5400,5400,AG
5405,5400,AG
5401,5400,AG
5406,5400,AG
5405,5405,AG
5406,5406,AG
5412,5412,AG
5413,5413,AG
5415,5415,AG
5416,5416,AG
5417,5417,AG
5420,5420,AG
5423,5423,AG
5425,5425,AG
5426,5426,AG
5430,5430,AG
5432,5432,AG
5436,5436,AG
5442,5442,AG
5443,5443,AG
5444,5444,AG
5445,5445,AG
5452,5452,AG
5453,5453,AG
5454,5454,AG
5462,5462,AG
5463,5463,AG
5464,5464,AG
5465,5465,AG
5466,5466,AG
5467,5467,AG
5502,5502,AG
5503,5503,AG
5504,5504,AG
5505,5505,AG
5506,5506,AG
5507,5507,AG
5512,5512,AG
5522,5522,AG
5524,5524,AG
5525,5525,AG
5600,5600,AG
5603,5603,AG
5604,5604,AG
5605,5605,AG
5606,5606,AG
5607,5607,AG
5608,5608,AG
5610,5610,AG
5611,5611,AG
5612,5612,AG
5613,5613,AG
5614,5614,AG
5615,5615,AG
5616,5616,AG
5617,5617,AG
5618,5618,AG
5619,5619,AG
5620,5620,AG
5621,5621,AG
5622,5622,AG
5623,5623,AG
5624,5624,AG
5625,5625,AG
5626,5626,AG
5627,5627,AG
5628,5628,AG
5630,5630,AG
5632,5632,AG
5634,5634,AG
5636,5636,AG
5637,5637,AG
5642,5642,AG
5643,5643,AG
5644,5644,AG
5645,5645,AG
5646,5646,AG
5647,5647,AG
5702,5702,AG
5703,5703,AG
5704,5704,AG
5705,5705,AG
5706,5706,AG
5707,5707,AG
5708,5708,AG
5712,5712,AG
5722,5722,AG
5723,5723,AG
5724,5724,AG
5725,5725,AG
5726,5726,AG
5727,5727,AG
5728,5728,AG
5732,5732,AG
5733,5733,AG
5734,5734,AG
5735,5735,LU
5736,5736,AG
5737,5737,AG
5742,5742,AG
5745,5745,AG
5746,5746,SO
6000,6000,LU
6002,6000,LU
6003,6000,LU
6006,6000,LU
6015,6000,LU
6005,6000,LU
6009,6000,LU
6004,6000,LU
6014,6000,LU
6007,6000,LU
6002,6002,LU
6003,6003,LU
6005,6005,LU
6010,6010,LU
6010,6010,OW
6011,6011,LU
6012,6012,LU
6013,6013,LU
6014,6014,LU
6015,6015,LU
6016,6016,LU
6017,6017,LU
6018,6018,LU
6019,6019,LU
6020,6020,LU
6021,6021,LU
6022,6022,LU
6023,6023,LU
6024,6024,LU
6025,6025,LU
6026,6026,LU
6027,6027,LU
6028,6028,LU
6030,6030,LU
6031,6031,LU
6032,6032,LU
6033,6033,LU
6034,6034,LU
6035,6035,LU
6036,6036,LU
6037,6037,LU
6039,6037,LU
6038,6038,LU
6039,6039,LU
6042,6042,AG
6043,6043,LU
6044,6044,LU
6045,6045,LU
6047,6047,LU
6048,6048,LU
6052,6052,NW
6053,6053,OW
6055,6055,OW
6056,6056,OW
6061,6060,OW
6060,6060,OW
6062,6062,OW
6063,6063,OW
6064,6064,OW
6066,6066,OW
6067,6067,OW
6068,6068,OW
6072,6072,OW
6073,6073,OW
6074,6074,OW
6078,6078,OW
6083,6083,BE
6084,6084,BE
6085,6085,BE
6086,6086,BE
6102,6102,LU
6103,6103,LU
6105,6105,LU
6106,6106,LU
6110,6110,LU
6112,6112,LU
6113,6113,LU
6114,6114,LU
6122,6122,LU
6123,6123,LU
6125,6125,LU
6126,6126,LU
6130,6130,LU
6132,6132,LU
6133,6133,LU
6142,6142,LU
6143,6143,LU
6144,6144,LU
6145,6145,LU
6146,6146,LU
6147,6147,LU
6152,6152,LU
6153,6153,LU
6154,6154,LU
6156,6156,LU
6160,6160,LU
6161,6161,LU
6162,6162,LU
6163,6163,LU
6166,6166,LU
6167,6167,LU
6170,6170,LU
6173,6173,LU
6174,6174,LU
6182,6182,LU
6192,6192,LU
6196,6196,LU
6197,6197,BE
6203,6203,LU
6204,6204,LU
6205,6205,LU
6206,6206,LU
6207,6207,LU
6208,6208,LU
6210,6210,LU
6211,6211,LU
6212,6212,LU
6213,6213,LU
6214,6214,LU
6215,6215,LU
6216,6216,LU
6217,6217,LU
6218,6218,LU
6221,6221,LU
6222,6222,LU
6231,6231,LU
6232,6232,LU
6233,6233,LU
6234,6234,LU
6235,6235,LU
6236,6236,LU
6242,6242,LU
6243,6243,LU
6244,6244,LU
6245,6245,LU
6246,6246,LU
6247,6247,LU
6248,6248,LU
6252,6252,LU
6253,6253,LU
6260,6260,LU
6262,6262,LU
6263,6263,LU
6264,6264,LU
6265,6265,LU
6274,6274,LU
6275,6275,LU
6276,6276,LU
6277,6277,LU
6280,6280,LU
6281,6281,LU
6283,6283,LU
6284,6284,LU
6285,6285,LU
6286,6286,LU
6287,6287,LU
6288,6288,LU
6289,6289,LU
6294,6294,LU
6295,6295,LU
6300,6300,ZG
6301,6300,ZG
6303,6300,ZG
6302,6300,ZG
6301,6301,ZG
6312,6312,ZG
6313,6313,ZG
6314,6314,ZG
6315,6315,ZG
6317,6317,ZG
6318,6318,ZG
6319,6319,ZG
6330,6330,ZG
6331,6331,ZG
6332,6332,ZG
6333,6333,ZG
6340,6340,ZG
6341,6340,ZG
6343,6343,ZG
6344,6344,LU
6345,6345,ZG
6346,6346,ZG
6353,6353,LU
6354,6354,LU
6356,6356,LU
6362,6362,NW
6363,6363,NW
6365,6365,NW
6370,6370,NW
6371,6371,NW
6372,6372,NW
6373,6373,NW
6374,6374,NW
6375,6375,NW
6376,6376,NW
6377,6377,UR
6382,6382,NW
6383,6383,NW
6386,6386,NW
6387,6387,NW
6388,6388,OW
6390,6390,OW
6391,6390,OW
6402,6402,SZ
6403,6403,SZ
6404,6404,LU
6405,6405,SZ
6410,6410,SZ
6414,6414,SZ
6415,6415,SZ
6416,6416,SZ
6417,6417,SZ
6418,6418,SZ
6422,6422,SZ
6423,6423,SZ
6424,6424,SZ
6430,6430,SZ
6431,6431,SZ
6432,6432,SZ
6433,6433,SZ
6434,6434,SZ
6436,6436,SZ
6438,6438,SZ
6440,6440,SZ
6441,6441,UR
6442,6442,SZ
6443,6443,SZ
6452,6452,UR
6452,6452,SZ
6454,6454,UR
6460,6460,UR
6461,6461,UR
6462,6462,UR
6463,6463,UR
6464,6464,UR
6465,6465,UR
6466,6466,UR
6467,6467,UR
6468,6468,UR
6469,6469,UR
6472,6472,UR
6473,6473,UR
6474,6474,UR
6475,6475,UR
6476,6476,UR
6482,6482,UR
6484,6484,UR
6485,6485,UR
6487,6487,UR
6490,6490,UR
6491,6491,UR
6493,6493,UR
6500,6500,TI
6506,6500,TI
6501,6500,TI
6503,6500,TI
6501,6501,TI
6511,6511,TI
6512,6512,TI
6513,6513,TI
6514,6514,TI
6515,6515,TI
6516,6516,TI
6517,6517,TI
6518,6518,TI
6523,6523,TI
6524,6524,TI
6525,6525,TI
6526,6526,TI
6527,6527,TI
6528,6528,TI
6530,6530,TI
6532,6532,TI
6533,6533,TI
6534,6534,GR
6535,6535,GR
6537,6537,GR
6538,6538,GR
6540,6540,GR
6541,6541,GR
6542,6542,GR
6543,6543,GR
6544,6544,GR
6545,6545,GR
6546,6546,GR
6548,6548,GR
6549,6549,GR
6556,6556,GR
6557,6557,GR
6558,6558,GR
6562,6562,GR
6563,6563,GR
6565,6565,GR
6571,6571,TI
6572,6572,TI
6573,6573,TI
6574,6574,TI
6575,6575,TI
6576,6576,TI
6577,6577,TI
6578,6578,TI
6579,6579,TI
6582,6582,TI
6583,6583,TI
6584,6584,TI
6590,6590,TI
6591,6591,TI
6592,6592,TI
6593,6593,TI
6594,6594,TI
6595,6595,TI
6596,6596,TI
6597,6597,TI
6598,6598,TI
6599,6599,TI
6600,6600,TI
6601,6600,TI
6602,6600,TI
6604,6600,TI
6605,6600,TI
6601,6601,TI
6611,6611,TI
6612,6612,TI
6613,6613,TI
6614,6614,TI
6616,6616,TI
6618,6618,TI
6622,6622,TI
6631,6631,TI
6632,6632,TI
6633,6633,TI
6634,6634,TI
6635,6635,TI
6636,6636,TI
6637,6637,TI
6644,6644,TI
6645,6645,TI
6646,6646,TI
6647,6647,TI
6648,6648,TI
6652,6652,TI
6653,6653,TI
6654,6654,TI
6655,6655,TI
6656,6656,TI
6657,6657,TI
6658,6658,TI
6659,6659,TI
6661,6661,TI
6662,6662,TI
6663,6663,TI
6664,6664,TI
6670,6670,TI
6672,6672,TI
6673,6673,TI
6674,6674,TI
6675,6675,TI
6676,6676,TI
6677,6677,TI
6678,6678,TI
6682,6682,TI
6683,6683,TI
6684,6684,TI
6685,6685,TI
6690,6690,TI
6692,6692,TI
6693,6693,TI
6694,6694,TI
6695,6695,TI
6696,6696,TI
6702,6702,TI
6703,6703,TI
6705,6705,TI
6707,6707,TI
6710,6710,TI
6713,6713,TI
6714,6714,TI
6715,6715,TI
6716,6716,TI
6717,6717,TI
6718,6718,TI
6719,6719,TI
6720,6720,TI
6721,6721,TI
6722,6722,TI
6723,6723,TI
6724,6724,TI
6742,6742,TI
6743,6743,TI
6744,6744,TI
6745,6745,TI
6746,6746,TI
6747,6747,TI
6748,6748,TI
6749,6749,TI
6760,6760,TI
6763,6763,TI
6764,6764,TI
6772,6772,TI
6773,6773,TI
6774,6774,TI
6775,6775,TI
6776,6776,TI
6777,6777,TI
6780,6780,TI
6781,6781,TI
6802,6802,TI
6803,6803,TI
6804,6804,TI
6805,6805,TI
6806,6806,TI
6807,6807,TI
6808,6808,TI
6809,6809,TI
6810,6810,TI
6814,6814,TI
6815,6815,TI
6816,6816,TI
6817,6817,TI
6818,6818,TI
6821,6821,TI
6822,6822,TI
6823,6823,TI
6825,6825,TI
6826,6826,TI
6827,6827,TI
6828,6828,TI
6830,6830,TI
6832,6832,TI
6833,6833,TI
6834,6834,TI
6835,6835,TI
6836,6836,TI
6837,6837,TI
6838,6838,TI
6839,6839,TI
6850,6850,TI
6852,6852,TI
6853,6853,TI
6854,6854,TI
6855,6855,TI
6862,6862,TI
6863,6863,TI
6864,6864,TI
6865,6865,TI
6866,6866,TI
6867,6867,TI
6872,6872,TI
6873,6873,TI
6874,6874,TI
6875,6875,TI
6877,6877,TI
6883,6883,TI
6900,6900,TI
6906,6900,TI
6907,6900,TI
6905,6900,TI
6901,6900,TI
6902,6900,TI
6904,6900,TI
6903,6900,TI
6908,6900,TI
6901,6901,TI
6911,6911,IT
6912,6912,TI
6913,6913,TI
6914,6914,TI
6915,6915,TI
6916,6916,TI
6917,6917,TI
6918,6918,TI
6919,6919,TI
6921,6921,TI
6922,6922,TI
6924,6924,TI
6925,6925,TI
6926,6926,TI
6927,6927,TI
6928,6928,TI
6929,6929,TI
6930,6930,TI
6932,6932,TI
6933,6933,TI
6934,6934,TI
6935,6935,TI
6936,6936,TI
6937,6937,TI
6938,6938,TI
6939,6939,TI
6942,6942,TI
6943,6943,TI
6944,6944,TI
6945,6945,TI
6946,6946,TI
6947,6947,TI
6948,6948,TI
6949,6949,TI
6950,6950,TI
6951,6951,TI
6952,6952,TI
6953,6953,TI
6954,6954,TI
6955,6955,TI
6956,6956,TI
6957,6957,TI
6958,6958,TI
6959,6959,TI
6960,6960,TI
6962,6962,TI
6963,6963,TI
6964,6964,TI
6965,6965,TI
6966,6966,TI
6967,6967,TI
6968,6968,TI
6974,6974,TI
6976,6976,TI
6977,6977,TI
6978,6978,TI
6979,6979,TI
6980,6980,TI
6981,6981,TI
6982,6982,TI
6983,6983,TI
6984,6984,TI
6986,6986,TI
6987,6987,TI
6988,6988,TI
6989,6989,TI
6990,6990,TI
6991,6991,TI
6992,6992,TI
6993,6993,TI
6994,6994,TI
6995,6995,TI
6997,6997,TI
6998,6998,TI
6999,6999,TI
7006,7000,GR
7004,7000,GR
7007,7000,GR
7000,7000,GR
7001,7000,GR
7003,7000,GR
7012,7012,GR
7013,7013,GR
7014,7014,GR
7015,7015,GR
7016,7016,GR
7017,7017,GR
7018,7018,GR
7019,7019,GR
7023,7023,GR
7026,7026,GR
7027,7027,GR
7028,7028,GR
7029,7029,GR
7031,7031,GR
7032,7031,GR
7050,7050,GR
7056,7056,GR
7057,7057,GR
7058,7058,GR
7062,7062,GR
7063,7063,GR
7064,7064,GR
7074,7074,GR
7075,7075,GR
7076,7076,GR
7077,7077,GR
7078,7078,GR
7082,7082,GR
7083,7083,GR
7084,7084,GR
7104,7104,GR
7106,7106,GR
7107,7107,GR
7109,7109,GR
7110,7110,GR
7111,7111,GR
7112,7112,GR
7113,7113,GR
7114,7114,GR
7115,7115,GR
7116,7116,GR
7122,7122,GR
7126,7126,GR
7127,7127,GR
7128,7128,GR
7130,7130,GR
7132,7132,GR
7134,7134,GR
7137,7137,GR
7138,7138,GR
7141,7141,GR
7142,7142,GR
7143,7143,GR
7144,7144,GR
7145,7145,GR
7146,7146,GR
7147,7147,GR
7148,7148,GR
7149,7149,GR
7151,7151,GR
7152,7152,GR
7153,7153,GR
7154,7154,GR
7155,7155,GR
7156,7156,GR
7157,7157,GR
7158,7158,GR
7159,7159,GR
7162,7162,GR
7163,7163,GR
7164,7164,GR
7165,7165,GR
7166,7166,GR
7167,7167,GR
7168,7168,GR
7172,7172,GR
7173,7173,GR
7174,7174,GR
7175,7175,GR
7176,7176,GR
7180,7180,GR
7182,7182,GR
7183,7183,GR
7184,7184,GR
7185,7185,GR
7186,7186,GR
7187,7187,GR
7188,7188,GR
7189,7189,GR
7200,7200,GR
7202,7202,GR
7203,7203,GR
7204,7204,GR
7205,7205,GR
7206,7206,GR
7208,7208,GR
7210,7210,GR
7212,7212,GR
7213,7213,GR
7214,7214,GR
7215,7215,GR
7220,7220,GR
7222,7222,GR
7223,7223,GR
7224,7224,GR
7226,7226,GR
7228,7228,GR
7230,7230,GR
7231,7231,GR
7232,7232,GR
7233,7233,GR
7235,7235,GR
7240,7240,GR
7241,7241,GR
7242,7242,GR
7243,7243,GR
7244,7244,GR
7245,7245,GR
7246,7246,GR
7247,7247,GR
7249,7249,GR
7250,7250,GR
7252,7252,GR
7260,7260,GR
7265,7265,GR
7270,7270,GR
7272,7272,GR
7276,7276,GR
7277,7277,GR
7278,7278,GR
7302,7302,GR
7303,7303,GR
7304,7304,GR
7306,7306,GR
7307,7307,GR
7310,7310,SG
7312,7312,SG
7313,7313,SG
7314,7314,SG
7315,7315,SG
7317,7317,SG
7320,7320,SG
7323,7323,SG
7324,7324,SG
7325,7325,SG
7326,7326,SG
7402,7402,GR
7403,7403,GR
7404,7404,GR
7405,7405,GR
7407,7407,GR
7408,7408,GR
7411,7411,GR
7412,7412,GR
7413,7413,GR
7414,7414,GR
7415,7415,GR
7416,7416,GR
7417,7417,GR
7418,7418,GR
7419,7419,GR
7421,7421,GR
7422,7422,GR
7423,7423,GR
7424,7424,GR
7425,7425,GR
7426,7426,GR
7427,7427,GR
7428,7428,GR
7430,7430,GR
7431,7431,GR
7432,7432,GR
7433,7433,GR
7434,7434,GR
7435,7435,GR
7436,7436,GR
7437,7437,GR
7438,7438,GR
7440,7440,GR
7442,7442,GR
7443,7443,GR
7444,7444,GR
7445,7445,GR
7446,7446,GR
7447,7447,GR
7448,7448,GR
7450,7450,GR
7451,7451,GR
7452,7452,GR
7453,7453,GR
7454,7454,GR
7455,7455,GR
7456,7456,GR
7457,7457,GR
7458,7458,GR
7459,7459,GR
7460,7460,GR
7462,7462,GR
7463,7463,GR
7464,7464,GR
7472,7472,GR
7473,7473,GR
7477,7477,GR
7482,7482,GR
7484,7484,GR
7492,7492,GR
7493,7493,GR
7494,7494,GR
7500,7500,GR
7502,7502,GR
7503,7503,GR
7504,7504,GR
7505,7505,GR
7512,7512,GR
7513,7513,GR
7514,7514,GR
7515,7515,GR
7516,7516,GR
7517,7517,GR
7522,7522,GR
7523,7523,GR
7524,7524,GR
7525,7525,GR
7526,7526,GR
7527,7527,GR
7530,7530,GR
7532,7532,GR
7533,7533,GR
7534,7534,GR
7535,7535,GR
7536,7536,GR
7537,7537,GR
7542,7542,GR
7543,7543,GR
7545,7545,GR
7546,7546,GR
7550,7550,GR
7551,7551,GR
7552,7552,GR
7553,7553,GR
7554,7554,GR
7556,7556,GR
7557,7557,GR
7558,7558,GR
7559,7559,GR
7560,7560,GR
7562,7562,GR
7563,7563,GR
7602,7602,GR
7603,7603,GR
7604,7604,GR
7605,7605,GR
7606,7606,GR
7608,7608,GR
7610,7610,GR
7710,7710,GR
7741,7741,GR
7742,7742,GR
7743,7743,GR
7744,7744,GR
7745,7745,GR
7746,7746,GR
7747,7747,GR
7748,7748,GR
8024,8000,ZH
8032,8000,ZH
8045,8000,ZH
8008,8000,ZH
8038,8000,ZH
8047,8000,ZH
8051,8000,ZH
8090,8000,ZH
8022,8000,ZH
8026,8000,ZH
8048,8000,ZH
8050,8000,ZH
8000,8000,ZH
8005,8000,ZH
8071,8000,ZH
8086,8000,ZH
8085,8000,ZH
8075,8000,ZH
8021,8000,ZH
8023,8000,ZH
8042,8000,ZH
8046,8000,ZH
8052,8000,ZH
8091,8000,ZH
8034,8000,ZH
8055,8000,ZH
8061,8000,ZH
8004,8000,ZH
8006,8000,ZH
8033,8000,ZH
8003,8000,ZH
8057,8000,ZH
8058,8000,ZH
8088,8000,ZH
8092,8000,ZH
8087,8000,ZH
8081,8000,ZH
8059,8000,ZH
8030,8000,ZH
8001,8000,ZH
8002,8000,ZH
8041,8000,ZH
8080,8000,ZH
8027,8000,ZH
8037,8000,ZH
8039,8000,ZH
8053,8000,ZH
8063,8000,ZH
8031,8000,ZH
8093,8000,ZH
8036,8000,ZH
8040,8000,ZH
8044,8000,ZH
8049,8000,ZH
8064,8000,ZH
8099,8000,ZH
8070,8000,ZH
8002,8002,ZH
8006,8006,ZH
8010,8010,ZH
8011,8011,ZH
8012,8012,ZH
8015,8015,ZH
8017,8017,ZH
8018,8018,ZH
8021,8021,ZH
8024,8024,ZH
8025,8025,ZH
8027,8027,ZH
8031,8031,ZH
8036,8036,ZH
8037,8037,ZH
8045,8045,ZH
8047,8047,ZH
8048,8048,ZH
8050,8050,ZH
8059,8059,ZH
8060,8060,ZH
8068,8068,ZH
8072,8072,ZH
8073,8073,ZH
8074,8074,ZH
8080,8080,ZH
8096,8096,ZH
8098,8098,ZH
8102,8102,ZH
8103,8103,ZH
8104,8104,ZH
8105,8105,ZH
8106,8106,ZH
8107,8107,ZH
8108,8108,ZH
8109,8109,AG
8112,8112,ZH
8113,8113,ZH
8114,8114,ZH
8115,8115,ZH
8117,8117,ZH
8118,8118,ZH
8121,8121,ZH
8122,8122,ZH
8123,8123,ZH
8124,8124,ZH
8125,8125,ZH
8126,8126,ZH
8127,8127,ZH
8130,8130,ZH
8132,8132,ZH
8133,8133,ZH
8134,8134,ZH
8135,8135,ZH
8136,8136,ZH
8140,8140,ZH
8142,8142,ZH
8143,8143,ZH
8150,8150,ZH
8152,8152,ZH
8153,8153,ZH
8154,8154,ZH
8155,8155,ZH
8156,8156,ZH
8157,8157,ZH
8158,8158,ZH
8162,8162,ZH
8164,8164,ZH
8165,8165,ZH
8166,8166,ZH
8172,8172,ZH
8173,8173,ZH
8174,8174,ZH
8175,8175,ZH
8180,8180,ZH
8181,8181,ZH
8182,8182,ZH
8183,8183,ZH
8184,8184,ZH
8185,8185,ZH
8187,8187,ZH
8192,8192,ZH
8193,8193,ZH
8194,8194,ZH
8195,8195,ZH
8196,8196,ZH
8197,8197,ZH
8203,8200,SH
8200,8200,SH
8201,8200,SH
8202,8200,SH
8204,8200,SH
8208,8200,SH
8207,8200,SH
8210,8200,SH
8203,8203,SH
8212,8212,SH
8212,8212,ZH
8213,8213,SH
8214,8214,SH
8215,8215,SH
8216,8216,SH
8217,8217,SH
8218,8218,SH
8219,8219,SH
8222,8222,SH
8223,8223,SH
8224,8224,SH
8225,8225,SH
8226,8226,SH
8228,8228,SH
8231,8231,SH
8232,8232,SH
8233,8233,SH
8234,8234,SH
8235,8235,SH
8236,8236,SH
8238,8238,DE
8239,8239,SH
8240,8240,SH
8241,8241,SH
8242,8242,SH
8243,8243,SH
8245,8245,ZH
8246,8246,ZH
8247,8247,ZH
8248,8248,ZH
8252,8252,TG
8253,8253,TG
8254,8254,TG
8255,8255,TG
8259,8259,TG
8260,8260,SH
8261,8261,SH
8262,8262,SH
8263,8263,SH
8264,8264,TG
8265,8265,TG
8266,8266,TG
8267,8267,TG
8268,8268,TG
8269,8269,TG
8272,8272,TG
8273,8273,TG
8274,8274,TG
8280,8280,TG
8285,8285,TG
8300,8300,ZH
8301,8301,ZH
8302,8302,ZH
8303,8303,ZH
8304,8304,ZH
8305,8305,ZH
8306,8306,ZH
8307,8307,ZH
8325,8307,ZH
8308,8308,ZH
8309,8309,ZH
8310,8310,ZH
8311,8311,ZH
8312,8312,ZH
8314,8314,ZH
8315,8315,ZH
8317,8317,ZH
8320,8320,ZH
8322,8322,ZH
8326,8326,ZH
8330,8330,ZH
8331,8331,ZH
8332,8332,ZH
8335,8335,ZH
8340,8340,ZH
8342,8342,ZH
8343,8343,ZH
8344,8344,ZH
8345,8345,ZH
8350,8350,ZH
8352,8352,ZH
8353,8353,ZH
8354,8354,ZH
8355,8355,TG
8356,8356,TG
8357,8357,TG
8360,8360,TG
8362,8362,TG
8363,8363,TG
8370,8370,TG
8371,8371,TG
8372,8372,TG
8374,8374,TG
8376,8376,TG
8402,8400,ZH
8400,8400,ZH
8408,8400,ZH
8401,8400,ZH
8406,8400,ZH
8411,8400,ZH
8404,8400,ZH
8409,8400,ZH
8410,8400,ZH
8405,8400,ZH
8403,8403,ZH
8404,8404,ZH
8406,8406,ZH
8408,8408,ZH
8411,8411,ZH
8412,8412,ZH
8413,8413,ZH
8414,8414,ZH
8415,8415,ZH
8416,8416,ZH
8418,8418,ZH
8421,8421,ZH
8422,8422,ZH
8424,8424,ZH
8425,8425,ZH
8426,8426,ZH
8427,8427,ZH
8428,8428,ZH
8442,8442,ZH
8444,8444,ZH
8447,8447,ZH
8450,8450,ZH
8451,8451,ZH
8452,8452,ZH
8453,8453,ZH
8454,8454,SH
8455,8455,SH
8457,8457,ZH
8458,8458,ZH
8459,8459,ZH
8460,8460,ZH
8461,8461,ZH
8462,8462,ZH
8463,8463,ZH
8464,8464,ZH
8465,8465,ZH
8466,8466,ZH
8467,8467,ZH
8468,8468,ZH
8471,8471,ZH
8472,8472,ZH
8474,8474,ZH
8475,8475,ZH
8476,8476,ZH
8477,8477,ZH
8478,8478,ZH
8479,8479,ZH
8482,8482,ZH
8483,8483,ZH
8484,8484,ZH
8486,8486,ZH
8487,8487,ZH
8488,8488,ZH
8489,8489,ZH
8492,8492,ZH
8493,8493,ZH
8494,8494,ZH
8495,8495,ZH
8496,8496,ZH
8497,8497,ZH
8498,8498,ZH
8499,8499,ZH
8502,8500,TG
8500,8500,TG
8501,8500,TG
8503,8500,TG
8505,8505,TG
8506,8506,TG
8507,8507,TG
8508,8508,TG
8509,8509,TG
8510,8510,TG
8512,8512,TG
8514,8514,TG
8520,8520,TG
8522,8522,TG
8523,8523,ZH
8524,8524,TG
8525,8525,TG
8526,8526,TG
8530,8530,TG
8532,8532,TG
8535,8535,TG
8536,8536,TG
8537,8537,TG
8540,8540,TG
8542,8542,ZH
8543,8543,ZH
8544,8544,ZH
8545,8545,ZH
8546,8546,TG
8546,8546,ZH
8547,8547,TG
8548,8548,ZH
8552,8552,TG
8553,8553,TG
8554,8554,TG
8555,8555,TG
8556,8556,TG
8558,8558,TG
8560,8560,TG
8561,8561,TG
8564,8564,TG
8565,8565,TG
8566,8566,TG
8570,8570,TG
8572,8572,TG
8573,8573,TG
8574,8574,TG
8575,8575,TG
8576,8576,TG
8577,8577,TG
8580,8580,TG
8581,8581,TG
8582,8582,TG
8583,8583,TG
8584,8584,TG
8585,8585,TG
8586,8586,TG
8587,8587,TG
8588,8588,TG
8589,8589,TG
8590,8590,TG
8592,8592,TG
8593,8593,TG
8594,8594,TG
8595,8595,TG
8596,8596,TG
8597,8597,TG
8598,8598,TG
8599,8599,TG
8600,8600,ZH
8602,8602,ZH
8603,8603,ZH
8604,8604,ZH
8605,8605,ZH
8606,8606,ZH
8607,8607,ZH
8608,8608,ZH
8610,8610,ZH
8612,8610,ZH
8613,8610,ZH
8614,8614,ZH
8615,8615,ZH
8616,8616,ZH
8617,8617,ZH
8618,8618,ZH
8620,8620,ZH
8621,8620,ZH
8623,8620,ZH
8622,8620,ZH
8624,8624,ZH
8625,8625,ZH
8626,8626,ZH
8627,8627,ZH
8630,8630,ZH
8632,8632,ZH
8633,8633,ZH
8634,8634,ZH
8635,8635,ZH
8636,8636,ZH
8637,8637,ZH
8638,8638,SG
8639,8639,ZH
8640,8640,SG
8640,8640,SZ
8645,8645,SG
8646,8646,SG
8700,8700,ZH
8702,8702,ZH
8703,8703,ZH
8704,8704,ZH
8706,8706,ZH
8707,8707,ZH
8708,8708,ZH
8712,8712,ZH
8713,8713,ZH
8714,8714,ZH
8715,8715,SG
8716,8716,SG
8717,8717,SG
8718,8718,SG
8722,8722,SG
8723,8723,SG
8725,8725,SG
8726,8726,SG
8727,8727,SG
8730,8730,SG
8732,8732,SG
8733,8733,SG
8734,8734,SG
8735,8735,SG
8737,8737,SG
8738,8738,SG
8739,8739,SG
8740,8740,SG
8750,8750,GL
8751,8751,UR
8752,8752,GL
8753,8753,GL
8754,8754,GL
8755,8755,GL
8756,8756,GL
8757,8757,GL
8758,8758,GL
8759,8759,GL
8762,8762,GL
8765,8765,GL
8766,8766,GL
8767,8767,GL
8772,8772,GL
8773,8773,GL
8774,8774,GL
8775,8775,GL
8777,8777,GL
8782,8782,GL
8783,8783,GL
8784,8784,GL
8800,8800,ZH
8802,8802,ZH
8803,8803,ZH
8804,8804,ZH
8805,8805,ZH
8806,8806,SZ
8807,8807,SZ
8808,8808,SZ
8810,8810,ZH
8813,8810,ZH
8815,8815,ZH
8816,8816,ZH
8820,8820,ZH
8824,8824,ZH
8825,8825,ZH
8832,8832,SZ
8833,8833,ZH
8834,8834,SZ
8835,8835,SZ
8836,8836,SZ
8840,8840,SZ
8841,8841,SZ
8842,8842,SZ
8843,8843,SZ
8844,8844,SZ
8845,8845,SZ
8846,8846,SZ
8847,8847,SZ
8849,8849,SZ
8852,8852,SZ
8853,8853,SZ
8854,8854,SZ
8855,8855,SZ
8856,8856,SZ
8857,8857,SZ
8858,8858,SZ
8862,8862,SZ
8863,8863,SZ
8864,8864,SZ
8865,8865,GL
8866,8866,GL
8867,8867,GL
8868,8868,GL
8870,8870,GL
8872,8872,SG
8873,8873,SG
8874,8874,GL
8877,8877,SG
8878,8878,SG
8879,8879,SG
8880,8880,SG
8881,8881,SG
8882,8882,SG
8883,8883,SG
8884,8884,SG
8885,8885,SG
8886,8886,SG
8887,8887,SG
8888,8888,SG
8889,8889,SG
8890,8890,SG
8892,8892,SG
8893,8893,SG
8894,8894,SG
8895,8895,SG
8896,8896,SG
8897,8897,SG
8898,8898,SG
8901,8901,ZH
8902,8902,ZH
8903,8903,ZH
8904,8904,ZH
8905,8905,AG
8906,8906,ZH
8907,8907,ZH
8908,8908,ZH
8909,8909,ZH
8910,8910,ZH
8911,8911,ZH
8912,8912,ZH
8913,8913,ZH
8914,8914,ZH
8915,8915,ZH
8916,8916,AG
8917,8917,AG
8918,8918,AG
8919,8919,AG
8920,8920,ZH
8925,8925,ZH
8926,8926,ZH
8930,8930,ZH
8932,8932,ZH
8933,8933,ZH
8934,8934,ZH
8940,8940,ZH
8942,8942,ZH
8951,8951,ZH
8952,8952,ZH
8953,8953,ZH
8954,8954,ZH
8955,8955,ZH
8956,8956,AG
8957,8957,AG
8962,8962,AG
8964,8964,AG
8965,8965,AG
8966,8966,AG
8967,8967,AG
8970,8970,ZH
9016,9000,SG
9011,9000,SG
9004,9000,SG
9008,9000,SG
9020,9000,SG
9001,9000,SG
9000,9000,SG
9014,9000,SG
9015,9000,SG
9026,9000,SG
9013,9000,SG
9006,9000,SG
9028,9000,SG
9027,9000,SG
9024,9000,SG
9007,9000,SG
9012,9000,SG
9010,9000,SG
9029,9000,SG
9021,9021,SG
9023,9023,SG
9030,9030,SG
9032,9032,SG
9033,9033,SG
9034,9034,SG
9035,9035,AR
9036,9036,SG
9037,9037,AR
9038,9038,AR
9042,9042,AR
9043,9043,AR
9044,9044,AR
9050,9050,AI
9052,9052,AR
9053,9053,AR
9054,9054,AI
9055,9055,AR
9056,9056,AR
9057,9057,AI
9058,9058,AI
9062,9062,AR
9063,9063,AR
9064,9064,AR
9100,9100,AR
9102,9100,AR
9103,9103,AR
9104,9104,AR
9105,9105,AR
9107,9107,AR
9108,9108,AI
9112,9112,AR
9113,9113,SG
9114,9114,SG
9115,9115,SG
9116,9116,SG
9122,9122,SG
9123,9123,SG
9125,9125,SG
9126,9126,SG
9127,9127,SG
9200,9200,SG
9201,9200,SG
9203,9203,SG
9204,9204,SG
9205,9205,SG
9212,9212,SG
9213,9213,TG
9214,9214,TG
9215,9215,TG
9216,9216,TG
9217,9217,TG
9220,9220,TG
9223,9223,TG
9225,9225,TG
9230,9230,SG
9231,9231,SG
9240,9240,SG
9242,9242,SG
9243,9243,SG
9244,9244,SG
9245,9245,SG
9246,9246,SG
9247,9247,SG
9248,9248,SG
9249,9249,SG
9300,9300,SG
9301,9301,SG
9304,9304,SG
9305,9305,SG
9306,9306,TG
9308,9308,SG
9312,9312,SG
9313,9313,SG
9314,9314,TG
9315,9315,TG
9320,9320,TG
9322,9322,TG
9323,9323,SG
9325,9325,TG
9326,9326,TG
9327,9327,SG
9400,9400,SG
9401,9401,SG
9402,9402,SG
9403,9403,SG
9404,9404,SG
9405,9405,AR
9410,9410,AR
9411,9411,AR
9413,9413,AI
9422,9422,SG
9423,9423,SG
9424,9424,SG
9425,9425,SG
9426,9426,AR
9427,9427,AR
9428,9428,AR
9430,9430,SG
9434,9434,SG
9435,9435,SG
9436,9436,SG
9437,9437,SG
9442,9442,SG
9442,9442,AI
9443,9443,SG
9444,9444,SG
9445,9445,SG
9450,9450,SG
9451,9451,SG
9452,9452,SG
9453,9453,SG
9462,9462,SG
9463,9463,SG
9464,9464,SG
9465,9465,SG
9466,9466,SG
9467,9467,SG
9468,9468,SG
9469,9469,SG
9470,9470,SG
9471,9470,SG
9472,9472,SG
9473,9473,SG
9475,9475,SG
9476,9476,SG
9477,9477,SG
9478,9478,SG
9479,9479,SG
9485,9485,FL
9486,9486,FL
9487,9487,FL
9488,9488,FL
9489,9489,FL
9490,9490,FL
9491,9491,FL
9492,9492,FL
9493,9493,FL
9494,9494,FL
9495,9495,FL
9496,9496,FL
9497,9497,FL
9498,9498,FL
9500,9500,SG
9501,9500,SG
9502,9502,TG
9503,9503,TG
9504,9504,TG
9506,9506,TG
9507,9507,TG
9508,9508,TG
9512,9512,SG
9514,9514,TG
9515,9515,TG
9517,9517,TG
9523,9523,SG
9524,9524,SG
9525,9525,SG
9526,9526,SG
9527,9527,SG
9532,9532,TG
9533,9533,SG
9534,9534,SG
9535,9535,TG
9536,9536,SG
9542,9542,TG
9543,9543,TG
9545,9545,TG
9546,9546,TG
9547,9547,TG
9548,9548,TG
9552,9552,SG
9553,9553,TG
9554,9554,TG
9555,9555,TG
9556,9556,TG
9562,9562,TG
9565,9565,TG
9573,9573,TG
9601,9601,SG
9602,9602,SG
9604,9604,SG
9606,9606,SG
9607,9607,SG
9608,9608,SG
9612,9612,SG
9613,9613,SG
9614,9614,SG
9615,9615,SG
9620,9620,SG
9621,9621,SG
9622,9622,SG
9630,9630,SG
9631,9631,SG
9633,9633,SG
9642,9642,SG
9643,9643,SG
9650,9650,SG
9651,9651,SG
9652,9652,SG
9655,9655,SG
9656,9656,SG
9657,9657,SG
9658,9658,SG
